{
	"format_version": "1.10.0",
	"minecraft:item": {
		"description": {
			"identifier": "a12c:money",
			"category": "items",
			"stacked_by_data": true
		},
		"components": {
			"minecraft:max_stack_size": 10,
			"minecraft:stacked_item": "server:money",
			"minecraft:use_duration": 0,
			"minecraft:item_modifier": {
				"add": [
					{
						"uuid": "server:money_modifier",
						"name": "Dinheiro",
						"attribute": "minecraft:custom.nbt",
						"operation": "add",
						"amount": "{\"money\": 1}"
					}
				]
			}
		}
	}
}